{
  "method": "embedding_based_retrieval",
  "model": "all-MiniLM-L6-v2",
  "results": {
    "1": {
      "precision": 0.03119163242435562,
      "recall": 0.014871261721870218,
      "f1": 0.020140242505929124,
      "papers_evaluated": 5354
    },
    "3": {
      "precision": 0.02004731664798904,
      "recall": 0.02736362761356371,
      "f1": 0.023140956838171287,
      "papers_evaluated": 5354
    },
    "5": {
      "precision": 0.0153903623459096,
      "recall": 0.035571994082109495,
      "f1": 0.02148510848643649,
      "papers_evaluated": 5354
    },
    "10": {
      "precision": 0.010422114307060141,
      "recall": 0.04659582485531604,
      "f1": 0.01703418327663106,
      "papers_evaluated": 5354
    }
  },
  "metadata": {
    "tibkat_subjects": 5563,
    "available_in_gnd": 5563,
    "coverage": 1.0,
    "evaluation_time_minutes": 0.1044881820678711
  }
}